"periodo_inicio","periodo_fin","categoria","pct_area","pct_area_cond_t","pct_area_cond_precip","pct_area_cond_hr"
2025-01-01,2025-01-07,"Alerta baja",10.6,89.1,100,2.9
2025-01-01,2025-01-07,"Alerta media",86.8,89.1,100,2.9
2025-01-01,2025-01-07,"Alerta alta",2.6,89.1,100,2.9
2025-01-08,2025-01-14,"Normal",4.3,83.7,39.4,1.2
2025-01-08,2025-01-14,"Alerta baja",67.7,83.7,39.4,1.2
2025-01-08,2025-01-14,"Alerta media",27.4,83.7,39.4,1.2
2025-01-08,2025-01-14,"Alerta alta",0.6,83.7,39.4,1.2
2025-01-15,2025-01-21,"Normal",14.8,82,68.5,0
2025-01-15,2025-01-21,"Alerta baja",19.9,82,68.5,0
2025-01-15,2025-01-21,"Alerta media",65.3,82,68.5,0
2025-01-22,2025-01-28,"Normal",0.1,92.3,94.8,0
2025-01-22,2025-01-28,"Alerta baja",12.7,92.3,94.8,0
2025-01-22,2025-01-28,"Alerta media",87.2,92.3,94.8,0
2025-01-22,2025-01-28,"Alerta alta",0,92.3,94.8,0
2025-01-29,2025-02-04,"Normal",4.6,89.9,73.5,0
2025-01-29,2025-02-04,"Alerta baja",27.3,89.9,73.5,0
2025-01-29,2025-02-04,"Alerta media",68.1,89.9,73.5,0
2025-02-05,2025-02-11,"Normal",10.9,89.1,22.1,0
2025-02-05,2025-02-11,"Alerta baja",67.1,89.1,22.1,0
2025-02-05,2025-02-11,"Alerta media",22,89.1,22.1,0
2025-02-05,2025-02-11,"Alerta alta",0,89.1,22.1,0
2025-02-12,2025-02-18,"Alerta baja",10.7,91,98.3,1.1
2025-02-12,2025-02-18,"Alerta media",88.2,91,98.3,1.1
2025-02-12,2025-02-18,"Alerta alta",1.1,91,98.3,1.1
2025-02-19,2025-02-25,"Normal",7,92.3,39.9,0
2025-02-19,2025-02-25,"Alerta baja",53.8,92.3,39.9,0
2025-02-19,2025-02-25,"Alerta media",39.2,92.3,39.9,0
2025-02-26,2025-03-04,"Alerta baja",12.6,87.5,99.9,2.4
2025-02-26,2025-03-04,"Alerta media",85.1,87.5,99.9,2.4
2025-02-26,2025-03-04,"Alerta alta",2.4,87.5,99.9,2.4
2025-03-05,2025-03-11,"Alerta baja",19.6,79.7,99.8,7.5
2025-03-05,2025-03-11,"Alerta media",73.7,79.7,99.8,7.5
2025-03-05,2025-03-11,"Alerta alta",6.7,79.7,99.8,7.5
2025-03-12,2025-03-18,"Normal",0,80.5,98.4,27.4
2025-03-12,2025-03-18,"Alerta baja",21,80.5,98.4,27.4
2025-03-12,2025-03-18,"Alerta media",51.6,80.5,98.4,27.4
2025-03-12,2025-03-18,"Alerta alta",27.4,80.5,98.4,27.4
2025-03-19,2025-03-25,"Normal",5.3,91,49.4,5.4
2025-03-19,2025-03-25,"Alerta baja",47.5,91,49.4,5.4
2025-03-19,2025-03-25,"Alerta media",43.3,91,49.4,5.4
2025-03-19,2025-03-25,"Alerta alta",3.9,91,49.4,5.4
2025-03-26,2025-04-01,"Normal",5.6,90.6,60.3,5.3
2025-03-26,2025-04-01,"Alerta baja",37.9,90.6,60.3,5.3
2025-03-26,2025-04-01,"Alerta media",51.2,90.6,60.3,5.3
2025-03-26,2025-04-01,"Alerta alta",5.3,90.6,60.3,5.3
2025-04-02,2025-04-08,"Normal",5.3,85.6,60.3,1.1
2025-04-02,2025-04-08,"Alerta baja",43.3,85.6,60.3,1.1
2025-04-02,2025-04-08,"Alerta media",50.5,85.6,60.3,1.1
2025-04-02,2025-04-08,"Alerta alta",0.9,85.6,60.3,1.1
2025-04-09,2025-04-15,"Normal",14.2,85.8,11,2.3
2025-04-09,2025-04-15,"Alerta baja",74.8,85.8,11,2.3
2025-04-09,2025-04-15,"Alerta media",8.7,85.8,11,2.3
2025-04-09,2025-04-15,"Alerta alta",2.3,85.8,11,2.3
2025-04-16,2025-04-22,"Normal",11,83.2,67.8,9.9
2025-04-16,2025-04-22,"Alerta baja",26.5,83.2,67.8,9.9
2025-04-16,2025-04-22,"Alerta media",53.1,83.2,67.8,9.9
2025-04-16,2025-04-22,"Alerta alta",9.4,83.2,67.8,9.9
2025-04-23,2025-04-29,"Normal",25.7,73.9,39.2,8.2
2025-04-23,2025-04-29,"Alerta baja",35.3,73.9,39.2,8.2
2025-04-23,2025-04-29,"Alerta media",31,73.9,39.2,8.2
2025-04-23,2025-04-29,"Alerta alta",8,73.9,39.2,8.2
2025-04-30,2025-05-06,"Normal",12.4,84.1,36.6,0.5
2025-04-30,2025-05-06,"Alerta baja",54.5,84.1,36.6,0.5
2025-04-30,2025-05-06,"Alerta media",32.6,84.1,36.6,0.5
2025-04-30,2025-05-06,"Alerta alta",0.5,84.1,36.6,0.5
2025-05-07,2025-05-13,"Normal",17.1,82.7,16.2,0.7
2025-05-07,2025-05-13,"Alerta baja",66.9,82.7,16.2,0.7
2025-05-07,2025-05-13,"Alerta media",15.4,82.7,16.2,0.7
2025-05-07,2025-05-13,"Alerta alta",0.7,82.7,16.2,0.7
2025-05-14,2025-05-20,"Normal",19,81,0.1,0
2025-05-14,2025-05-20,"Alerta baja",80.9,81,0.1,0
2025-05-14,2025-05-20,"Alerta media",0.1,81,0.1,0
2025-05-21,2025-05-27,"Normal",20.8,78.9,10.2,19.4
2025-05-21,2025-05-27,"Alerta baja",58.7,78.9,10.2,19.4
2025-05-21,2025-05-27,"Alerta media",11.8,78.9,10.2,19.4
2025-05-21,2025-05-27,"Alerta alta",8.8,78.9,10.2,19.4
2025-05-28,2025-06-03,"Normal",44.6,54.3,3.9,0.8
2025-05-28,2025-06-03,"Alerta baja",51.7,54.3,3.9,0.8
2025-05-28,2025-06-03,"Alerta media",3.7,54.3,3.9,0.8
2025-06-04,2025-06-10,"Normal",34.7,65.3,1.2,4.4
2025-06-04,2025-06-10,"Alerta baja",59.6,65.3,1.2,4.4
2025-06-04,2025-06-10,"Alerta media",5.6,65.3,1.2,4.4
2025-06-11,2025-06-17,"Normal",38.1,61.9,3.6,2.1
2025-06-11,2025-06-17,"Alerta baja",56.8,61.9,3.6,2.1
2025-06-11,2025-06-17,"Alerta media",4.5,61.9,3.6,2.1
2025-06-11,2025-06-17,"Alerta alta",0.7,61.9,3.6,2.1
2025-06-18,2025-06-24,"Normal",40,60,2.8,4.3
2025-06-18,2025-06-24,"Alerta baja",55.5,60,2.8,4.3
2025-06-18,2025-06-24,"Alerta media",2,60,2.8,4.3
2025-06-18,2025-06-24,"Alerta alta",2.6,60,2.8,4.3
2025-06-25,2025-07-01,"Normal",53.4,46.4,0,4.2
2025-06-25,2025-07-01,"Alerta baja",42.5,46.4,0,4.2
2025-06-25,2025-07-01,"Alerta media",4,46.4,0,4.2
2025-07-02,2025-07-08,"Normal",36,64,0,0
2025-07-02,2025-07-08,"Alerta baja",64,64,0,0
2025-07-09,2025-07-15,"Normal",31.1,68.9,0,1.4
2025-07-09,2025-07-15,"Alerta baja",67.5,68.9,0,1.4
2025-07-09,2025-07-15,"Alerta media",1.4,68.9,0,1.4
2025-07-16,2025-07-22,"Normal",34.3,65.7,0.1,0
2025-07-16,2025-07-22,"Alerta baja",65.6,65.7,0.1,0
2025-07-16,2025-07-22,"Alerta media",0.2,65.7,0.1,0
2025-07-23,2025-07-29,"Normal",32,68,0.8,1.2
2025-07-23,2025-07-29,"Alerta baja",65.9,68,0.8,1.2
2025-07-23,2025-07-29,"Alerta media",2,68,0.8,1.2
2025-07-30,2025-08-05,"Normal",30.4,69.1,12.5,0.3
2025-07-30,2025-08-05,"Alerta baja",57.5,69.1,12.5,0.3
2025-07-30,2025-08-05,"Alerta media",11.8,69.1,12.5,0.3
2025-07-30,2025-08-05,"Alerta alta",0.3,69.1,12.5,0.3
2025-08-06,2025-08-12,"Normal",42.9,57.1,0,0
2025-08-06,2025-08-12,"Alerta baja",57.1,57.1,0,0
2025-08-13,2025-08-19,"Normal",28.9,71.1,0,0
2025-08-13,2025-08-19,"Alerta baja",71.1,71.1,0,0
2025-08-20,2025-08-26,"Normal",39.4,60.6,10.8,0
2025-08-20,2025-08-26,"Alerta baja",49.8,60.6,10.8,0
2025-08-20,2025-08-26,"Alerta media",10.8,60.6,10.8,0
2025-08-27,2025-09-02,"Normal",27.3,72.7,0.6,0
2025-08-27,2025-09-02,"Alerta baja",72.2,72.7,0.6,0
2025-08-27,2025-09-02,"Alerta media",0.6,72.7,0.6,0
2025-09-03,2025-09-09,"Normal",20.3,77,14.6,0
2025-09-03,2025-09-09,"Alerta baja",67.8,77,14.6,0
2025-09-03,2025-09-09,"Alerta media",11.9,77,14.6,0
2025-09-10,2025-09-16,"Normal",15.2,84.5,25.7,0
2025-09-10,2025-09-16,"Alerta baja",59.4,84.5,25.7,0
2025-09-10,2025-09-16,"Alerta media",25.4,84.5,25.7,0
2025-09-17,2025-09-23,"Normal",9.8,89,20.9,0
2025-09-17,2025-09-23,"Alerta baja",70.4,89,20.9,0
2025-09-17,2025-09-23,"Alerta media",19.8,89,20.9,0
2025-09-24,2025-09-30,"Normal",8.5,89.1,38.4,0
2025-09-24,2025-09-30,"Alerta baja",55.6,89.1,38.4,0
2025-09-24,2025-09-30,"Alerta media",35.9,89.1,38.4,0
2025-10-01,2025-10-07,"Normal",10.4,87.6,31.4,0
2025-10-01,2025-10-07,"Alerta baja",60.3,87.6,31.4,0
2025-10-01,2025-10-07,"Alerta media",29.3,87.6,31.4,0
2025-10-08,2025-10-14,"Normal",7,90.6,19.8,0
2025-10-08,2025-10-14,"Alerta baja",75.5,90.6,19.8,0
2025-10-08,2025-10-14,"Alerta media",17.5,90.6,19.8,0
2025-10-15,2025-10-21,"Normal",4.4,88.9,71,0
2025-10-15,2025-10-21,"Alerta baja",31.2,88.9,71,0
2025-10-15,2025-10-21,"Alerta media",64.4,88.9,71,0
2025-10-22,2025-10-28,"Normal",6,91.8,47.1,0
2025-10-22,2025-10-28,"Alerta baja",49,91.8,47.1,0
2025-10-22,2025-10-28,"Alerta media",45,91.8,47.1,0
2025-10-29,2025-11-04,"Normal",8.8,91,8.2,0.9
2025-10-29,2025-11-04,"Alerta baja",83.3,91,8.2,0.9
2025-10-29,2025-11-04,"Alerta media",7.1,91,8.2,0.9
2025-10-29,2025-11-04,"Alerta alta",0.9,91,8.2,0.9
2025-11-05,2025-11-11,"Normal",3.7,94.9,26.6,0
2025-11-05,2025-11-11,"Alerta baja",71.1,94.9,26.6,0
2025-11-05,2025-11-11,"Alerta media",25.2,94.9,26.6,0
2025-11-12,2025-11-18,"Normal",3.4,89.5,82.2,0.3
2025-11-12,2025-11-18,"Alerta baja",21.3,89.5,82.2,0.3
2025-11-12,2025-11-18,"Alerta media",74.9,89.5,82.2,0.3
2025-11-12,2025-11-18,"Alerta alta",0.3,89.5,82.2,0.3
2025-11-19,2025-11-25,"Normal",9.7,90.2,7.1,0
2025-11-19,2025-11-25,"Alerta baja",83.2,90.2,7.1,0
2025-11-19,2025-11-25,"Alerta media",7,90.2,7.1,0
2025-11-26,2025-12-02,"Normal",0.7,93.7,96.7,0
2025-11-26,2025-12-02,"Alerta baja",8.3,93.7,96.7,0
2025-11-26,2025-12-02,"Alerta media",91,93.7,96.7,0
2025-12-03,2025-12-09,"Normal",1.3,92.7,96.1,0.8
2025-12-03,2025-12-09,"Alerta baja",8.4,92.7,96.1,0.8
2025-12-03,2025-12-09,"Alerta media",89.7,92.7,96.1,0.8
2025-12-03,2025-12-09,"Alerta alta",0.6,92.7,96.1,0.8
2025-12-10,2025-12-16,"Normal",3.8,95.4,48.9,2.4
2025-12-10,2025-12-16,"Alerta baja",48,95.4,48.9,2.4
2025-12-10,2025-12-16,"Alerta media",45.7,95.4,48.9,2.4
2025-12-10,2025-12-16,"Alerta alta",2.4,95.4,48.9,2.4
2025-12-17,2025-12-23,"Normal",0.3,95.8,87.3,0
2025-12-17,2025-12-23,"Alerta baja",16.3,95.8,87.3,0
2025-12-17,2025-12-23,"Alerta media",83.4,95.8,87.3,0
2025-12-24,2025-12-30,"Normal",0.2,88.4,99.8,2.1
2025-12-24,2025-12-30,"Alerta baja",11.4,88.4,99.8,2.1
2025-12-24,2025-12-30,"Alerta media",86.4,88.4,99.8,2.1
2025-12-24,2025-12-30,"Alerta alta",2,88.4,99.8,2.1
2025-12-31,2025-12-31,"Normal",10.9,88.9,3,0.5
2025-12-31,2025-12-31,"Alerta baja",85.6,88.9,3,0.5
2025-12-31,2025-12-31,"Alerta media",3.4,88.9,3,0.5
