"periodo_inicio","periodo_fin","categoria","pct_area","pct_area_cond_t","pct_area_cond_hr","pct_area_cond_lluvia"
2025-01-01,2025-01-10,"Normal",2.7,62.3,0.1,93.8
2025-01-01,2025-01-10,"Alerta baja",38.4,62.3,0.1,93.8
2025-01-01,2025-01-10,"Alerta media",58.8,62.3,0.1,93.8
2025-01-01,2025-01-10,"Alerta alta",0,62.3,0.1,93.8
2025-01-11,2025-01-20,"Normal",16.4,60.2,0,65
2025-01-11,2025-01-20,"Alerta baja",42,60.2,0,65
2025-01-11,2025-01-20,"Alerta media",41.6,60.2,0,65
2025-01-21,2025-01-30,"Normal",2.6,62.5,0,97.1
2025-01-21,2025-01-30,"Alerta baja",35.3,62.5,0,97.1
2025-01-21,2025-01-30,"Alerta media",62.2,62.5,0,97.1
2025-01-31,2025-02-09,"Normal",5.3,62.4,0,46
2025-01-31,2025-02-09,"Alerta baja",81.1,62.4,0,46
2025-01-31,2025-02-09,"Alerta media",13.7,62.4,0,46
2025-02-10,2025-02-19,"Normal",0,61.8,0.1,99.9
2025-02-10,2025-02-19,"Alerta baja",38.2,61.8,0.1,99.9
2025-02-10,2025-02-19,"Alerta media",61.7,61.8,0.1,99.9
2025-02-10,2025-02-19,"Alerta alta",0.1,61.8,0.1,99.9
2025-02-20,2025-03-01,"Normal",3.5,61.9,0,76.8
2025-02-20,2025-03-01,"Alerta baja",54.3,61.9,0,76.8
2025-02-20,2025-03-01,"Alerta media",42.2,61.9,0,76.8
2025-03-02,2025-03-11,"Normal",1.6,60.4,3,98.4
2025-03-02,2025-03-11,"Alerta baja",37.7,60.4,3,98.4
2025-03-02,2025-03-11,"Alerta media",57.9,60.4,3,98.4
2025-03-02,2025-03-11,"Alerta alta",2.7,60.4,3,98.4
2025-03-12,2025-03-21,"Normal",5,63.3,0.1,87.7
2025-03-12,2025-03-21,"Alerta baja",39.1,63.3,0.1,87.7
2025-03-12,2025-03-21,"Alerta media",55.9,63.3,0.1,87.7
2025-03-12,2025-03-21,"Alerta alta",0.1,63.3,0.1,87.7
2025-03-22,2025-03-31,"Normal",5.4,65.1,1.4,67
2025-03-22,2025-03-31,"Alerta baja",56.7,65.1,1.4,67
2025-03-22,2025-03-31,"Alerta media",36.8,65.1,1.4,67
2025-03-22,2025-03-31,"Alerta alta",1.1,65.1,1.4,67
2025-04-01,2025-04-10,"Normal",6.6,85,0,56.9
2025-04-01,2025-04-10,"Alerta baja",44.8,85,0,56.9
2025-04-01,2025-04-10,"Alerta media",48.6,85,0,56.9
2025-04-11,2025-04-20,"Normal",15,61.4,0.5,35
2025-04-11,2025-04-20,"Alerta baja",73.5,61.4,0.5,35
2025-04-11,2025-04-20,"Alerta media",10.9,61.4,0.5,35
2025-04-11,2025-04-20,"Alerta alta",0.5,61.4,0.5,35
2025-04-21,2025-04-30,"Normal",11,59.1,0.3,65.9
2025-04-21,2025-04-30,"Alerta baja",52.9,59.1,0.3,65.9
2025-04-21,2025-04-30,"Alerta media",35.8,59.1,0.3,65.9
2025-04-21,2025-04-30,"Alerta alta",0.3,59.1,0.3,65.9
2025-05-01,2025-05-10,"Normal",13.4,60,0,57
2025-05-01,2025-05-10,"Alerta baja",56.3,60,0,57
2025-05-01,2025-05-10,"Alerta media",30.4,60,0,57
2025-05-11,2025-05-20,"Normal",37.2,59.8,0,3.4
2025-05-11,2025-05-20,"Alerta baja",62.4,59.8,0,3.4
2025-05-11,2025-05-20,"Alerta media",0.4,59.8,0,3.4
2025-05-21,2025-05-30,"Normal",31.1,63,0.5,16.7
2025-05-21,2025-05-30,"Alerta baja",57.8,63,0.5,16.7
2025-05-21,2025-05-30,"Alerta media",10.6,63,0.5,16.7
2025-05-21,2025-05-30,"Alerta alta",0.4,63,0.5,16.7
2025-05-31,2025-06-09,"Normal",40.9,58.8,0,1.3
2025-05-31,2025-06-09,"Alerta baja",58.2,58.8,0,1.3
2025-05-31,2025-06-09,"Alerta media",0.9,58.8,0,1.3
2025-06-10,2025-06-19,"Normal",42.2,56,0.1,6.7
2025-06-10,2025-06-19,"Alerta baja",52.9,56,0.1,6.7
2025-06-10,2025-06-19,"Alerta media",4.9,56,0.1,6.7
2025-06-10,2025-06-19,"Alerta alta",0,56,0.1,6.7
2025-06-20,2025-06-29,"Normal",39,60.7,0.3,0.4
2025-06-20,2025-06-29,"Alerta baja",60.6,60.7,0.3,0.4
2025-06-20,2025-06-29,"Alerta media",0.4,60.7,0.3,0.4
2025-06-30,2025-07-09,"Normal",37.5,62.4,0,0.1
2025-06-30,2025-07-09,"Alerta baja",62.5,62.4,0,0.1
2025-07-10,2025-07-19,"Normal",52.9,47.1,0,0.1
2025-07-10,2025-07-19,"Alerta baja",47.1,47.1,0,0.1
2025-07-10,2025-07-19,"Alerta media",0,47.1,0,0.1
2025-07-20,2025-07-29,"Normal",55.8,43.7,0,1.4
2025-07-20,2025-07-29,"Alerta baja",43.2,43.7,0,1.4
2025-07-20,2025-07-29,"Alerta media",1,43.7,0,1.4
2025-07-30,2025-08-08,"Normal",54.9,41.3,0,11.3
2025-07-30,2025-08-08,"Alerta baja",37.5,41.3,0,11.3
2025-07-30,2025-08-08,"Alerta media",7.6,41.3,0,11.3
2025-08-09,2025-08-18,"Normal",47.6,52,0,1
2025-08-09,2025-08-18,"Alerta baja",51.8,52,0,1
2025-08-09,2025-08-18,"Alerta media",0.6,52,0,1
2025-08-19,2025-08-28,"Normal",35.5,57.7,0,17.3
2025-08-19,2025-08-28,"Alerta baja",53.9,57.7,0,17.3
2025-08-19,2025-08-28,"Alerta media",10.6,57.7,0,17.3
2025-08-29,2025-09-07,"Normal",39.1,50.1,0,22.3
2025-08-29,2025-09-07,"Alerta baja",49.4,50.1,0,22.3
2025-08-29,2025-09-07,"Alerta media",11.5,50.1,0,22.3
2025-09-08,2025-09-17,"Normal",30.5,57.3,0,28.3
2025-09-08,2025-09-17,"Alerta baja",53.4,57.3,0,28.3
2025-09-08,2025-09-17,"Alerta media",16.1,57.3,0,28.3
2025-09-18,2025-09-27,"Normal",35,60.1,0,10.2
2025-09-18,2025-09-27,"Alerta baja",59.7,60.1,0,10.2
2025-09-18,2025-09-27,"Alerta media",5.3,60.1,0,10.2
2025-09-28,2025-10-07,"Normal",9.9,62.1,0,58.5
2025-09-28,2025-10-07,"Alerta baja",59.6,62.1,0,58.5
2025-09-28,2025-10-07,"Alerta media",30.5,62.1,0,58.5
2025-10-08,2025-10-17,"Normal",30.9,62.4,0,36.6
2025-10-08,2025-10-17,"Alerta baja",39.1,62.4,0,36.6
2025-10-08,2025-10-17,"Alerta media",29.9,62.4,0,36.6
2025-10-18,2025-10-27,"Normal",7.8,64.8,0,63.5
2025-10-18,2025-10-27,"Alerta baja",56,64.8,0,63.5
2025-10-18,2025-10-27,"Alerta media",36.2,64.8,0,63.5
2025-10-28,2025-11-06,"Normal",12.1,65.1,0,38.6
2025-10-28,2025-11-06,"Alerta baja",72.1,65.1,0,38.6
2025-10-28,2025-11-06,"Alerta media",15.8,65.1,0,38.6
2025-11-07,2025-11-16,"Normal",7.6,66.1,0,65.9
2025-11-07,2025-11-16,"Alerta baja",52.8,66.1,0,65.9
2025-11-07,2025-11-16,"Alerta media",39.6,66.1,0,65.9
2025-11-17,2025-11-26,"Normal",17.1,63.9,0,32.2
2025-11-17,2025-11-26,"Alerta baja",69.7,63.9,0,32.2
2025-11-17,2025-11-26,"Alerta media",13.2,63.9,0,32.2
2025-11-27,2025-12-06,"Normal",1.7,61.9,0.1,85.7
2025-11-27,2025-12-06,"Alerta baja",49,61.9,0.1,85.7
2025-11-27,2025-12-06,"Alerta media",49.2,61.9,0.1,85.7
2025-11-27,2025-12-06,"Alerta alta",0.1,61.9,0.1,85.7
2025-12-07,2025-12-16,"Normal",4.1,64,0,60.5
2025-12-07,2025-12-16,"Alerta baja",67.2,64,0,60.5
2025-12-07,2025-12-16,"Alerta media",28.6,64,0,60.5
2025-12-07,2025-12-16,"Alerta alta",0,64,0,60.5
2025-12-17,2025-12-26,"Normal",3.2,64.1,0,79
2025-12-17,2025-12-26,"Alerta baja",50.3,64.1,0,79
2025-12-17,2025-12-26,"Alerta media",46.4,64.1,0,79
2025-12-27,2025-12-31,"Normal",19.3,61.7,0.3,67.9
2025-12-27,2025-12-31,"Alerta baja",31.8,61.7,0.3,67.9
2025-12-27,2025-12-31,"Alerta media",48.7,61.7,0.3,67.9
2025-12-27,2025-12-31,"Alerta alta",0.2,61.7,0.3,67.9
