"periodo_inicio","periodo_fin","categoria","pct_area","pct_area_cond_t","pct_area_cond_secos","pct_area_cond_hr"
2025-01-01,2025-01-10,"Normal",32,62.9,1.2,6.1
2025-01-01,2025-01-10,"Alerta baja",5,62.9,1.2,6.1
2025-01-01,2025-01-10,"Alerta media",62.9,62.9,1.2,6.1
2025-01-01,2025-01-10,"Alerta alta",0,62.9,1.2,6.1
2025-01-11,2025-01-20,"Normal",29.4,63.5,4.5,7.7
2025-01-11,2025-01-20,"Alerta baja",6.2,63.5,4.5,7.7
2025-01-11,2025-01-20,"Alerta media",64.4,63.5,4.5,7.7
2025-01-11,2025-01-20,"Alerta alta",0,63.5,4.5,7.7
2025-01-21,2025-01-30,"Normal",31.1,64.1,0,7.2
2025-01-21,2025-01-30,"Alerta baja",4.8,64.1,0,7.2
2025-01-21,2025-01-30,"Alerta media",64.1,64.1,0,7.2
2025-01-31,2025-02-09,"Normal",12.2,65.3,17.7,24.5
2025-01-31,2025-02-09,"Alerta baja",10.6,65.3,17.7,24.5
2025-01-31,2025-02-09,"Alerta media",76.7,65.3,17.7,24.5
2025-01-31,2025-02-09,"Alerta alta",0.5,65.3,17.7,24.5
2025-02-10,2025-02-19,"Normal",27,64,0,12
2025-02-10,2025-02-19,"Alerta baja",9,64,0,12
2025-02-10,2025-02-19,"Alerta media",64,64,0,12
2025-02-20,2025-03-01,"Normal",22.8,65,0,16.2
2025-02-20,2025-03-01,"Alerta baja",12.2,65,0,16.2
2025-02-20,2025-03-01,"Alerta media",65,65,0,16.2
2025-03-02,2025-03-11,"Normal",39.6,60.1,0,1.9
2025-03-02,2025-03-11,"Alerta baja",0.3,60.1,0,1.9
2025-03-02,2025-03-11,"Alerta media",60.1,60.1,0,1.9
2025-03-12,2025-03-21,"Normal",35.6,59.1,4.4,3
2025-03-12,2025-03-21,"Alerta baja",3.5,59.1,4.4,3
2025-03-12,2025-03-21,"Alerta media",60.9,59.1,4.4,3
2025-03-22,2025-03-31,"Normal",30.2,60.3,8,8.7
2025-03-22,2025-03-31,"Alerta baja",2.7,60.3,8,8.7
2025-03-22,2025-03-31,"Alerta media",67.2,60.3,8,8.7
2025-04-01,2025-04-10,"Normal",23.1,50.5,52.4,8.1
2025-04-01,2025-04-10,"Alerta baja",23.6,50.5,52.4,8.1
2025-04-01,2025-04-10,"Alerta media",53.3,50.5,52.4,8.1
2025-04-11,2025-04-20,"Normal",19.4,59,17.8,10.8
2025-04-11,2025-04-20,"Alerta baja",15.3,59,17.8,10.8
2025-04-11,2025-04-20,"Alerta media",65.3,59,17.8,10.8
2025-04-21,2025-04-30,"Normal",28.4,56,14.8,10.4
2025-04-21,2025-04-30,"Alerta baja",5.9,56,14.8,10.4
2025-04-21,2025-04-30,"Alerta media",65.7,56,14.8,10.4
2025-05-01,2025-05-10,"Normal",25.6,58.9,13.5,12.6
2025-05-01,2025-05-10,"Alerta baja",6.9,58.9,13.5,12.6
2025-05-01,2025-05-10,"Alerta media",67.6,58.9,13.5,12.6
2025-05-11,2025-05-20,"Normal",3.7,56.8,53.5,22.3
2025-05-11,2025-05-20,"Alerta baja",23.3,56.8,53.5,22.3
2025-05-11,2025-05-20,"Alerta media",71.3,56.8,53.5,22.3
2025-05-11,2025-05-20,"Alerta alta",1.7,56.8,53.5,22.3
2025-05-21,2025-05-30,"Normal",28.3,50.3,13.8,19.4
2025-05-21,2025-05-30,"Alerta baja",15.6,50.3,13.8,19.4
2025-05-21,2025-05-30,"Alerta media",56.1,50.3,13.8,19.4
2025-05-31,2025-06-09,"Normal",24.4,40.1,43.4,18.7
2025-05-31,2025-06-09,"Alerta baja",17.7,40.1,43.4,18.7
2025-05-31,2025-06-09,"Alerta media",57.8,40.1,43.4,18.7
2025-05-31,2025-06-09,"Alerta alta",0.2,40.1,43.4,18.7
2025-06-10,2025-06-19,"Normal",27.3,42.4,32.4,20.2
2025-06-10,2025-06-19,"Alerta baja",14.9,42.4,32.4,20.2
2025-06-10,2025-06-19,"Alerta media",57.3,42.4,32.4,20.2
2025-06-10,2025-06-19,"Alerta alta",0.6,42.4,32.4,20.2
2025-06-20,2025-06-29,"Normal",20.6,25.6,61.2,21.2
2025-06-20,2025-06-29,"Alerta baja",33,25.6,61.2,21.2
2025-06-20,2025-06-29,"Alerta media",46.4,25.6,61.2,21.2
2025-06-30,2025-07-09,"Normal",2.9,7.5,96,67.9
2025-06-30,2025-07-09,"Alerta baja",28,7.5,96,67.9
2025-06-30,2025-07-09,"Alerta media",63.8,7.5,96,67.9
2025-06-30,2025-07-09,"Alerta alta",5.3,7.5,96,67.9
2025-07-10,2025-07-19,"Normal",13.8,49.7,69.1,70.5
2025-07-10,2025-07-19,"Alerta baja",15.1,49.7,69.1,70.5
2025-07-10,2025-07-19,"Alerta media",34.8,49.7,69.1,70.5
2025-07-10,2025-07-19,"Alerta alta",36.3,49.7,69.1,70.5
2025-07-20,2025-07-29,"Normal",9.8,53.8,42.4,66.3
2025-07-20,2025-07-29,"Alerta baja",17,53.8,42.4,66.3
2025-07-20,2025-07-29,"Alerta media",65.1,53.8,42.4,66.3
2025-07-20,2025-07-29,"Alerta alta",8.1,53.8,42.4,66.3
2025-07-30,2025-08-08,"Normal",18.7,53.2,34.2,54.8
2025-07-30,2025-08-08,"Alerta baja",11.6,53.2,34.2,54.8
2025-07-30,2025-08-08,"Alerta media",61.6,53.2,34.2,54.8
2025-07-30,2025-08-08,"Alerta alta",8.1,53.2,34.2,54.8
2025-08-09,2025-08-18,"Normal",6.4,50.9,88.4,86.8
2025-08-09,2025-08-18,"Alerta baja",8.4,50.9,88.4,86.8
2025-08-09,2025-08-18,"Alerta media",37.7,50.9,88.4,86.8
2025-08-09,2025-08-18,"Alerta alta",47.4,50.9,88.4,86.8
2025-08-19,2025-08-28,"Normal",19.2,49.4,29.4,76.8
2025-08-19,2025-08-28,"Alerta baja",8.3,49.4,29.4,76.8
2025-08-19,2025-08-28,"Alerta media",66.7,49.4,29.4,76.8
2025-08-19,2025-08-28,"Alerta alta",5.8,49.4,29.4,76.8
2025-08-29,2025-09-07,"Normal",15,56.8,19.7,80.3
2025-08-29,2025-09-07,"Alerta baja",11.7,56.8,19.7,80.3
2025-08-29,2025-09-07,"Alerta media",70.6,56.8,19.7,80.3
2025-08-29,2025-09-07,"Alerta alta",2.7,56.8,19.7,80.3
2025-09-08,2025-09-17,"Normal",7.8,62.5,12.3,85.8
2025-09-08,2025-09-17,"Alerta baja",22.4,62.5,12.3,85.8
2025-09-08,2025-09-17,"Alerta media",67,62.5,12.3,85.8
2025-09-08,2025-09-17,"Alerta alta",2.8,62.5,12.3,85.8
2025-09-18,2025-09-27,"Normal",7.9,62.7,28,77.7
2025-09-18,2025-09-27,"Alerta baja",14.9,62.7,28,77.7
2025-09-18,2025-09-27,"Alerta media",67.5,62.7,28,77.7
2025-09-18,2025-09-27,"Alerta alta",9.7,62.7,28,77.7
2025-09-28,2025-10-07,"Normal",16.5,59.5,15.1,50.6
2025-09-28,2025-10-07,"Alerta baja",12,59.5,15.1,50.6
2025-09-28,2025-10-07,"Alerta media",69.6,59.5,15.1,50.6
2025-09-28,2025-10-07,"Alerta alta",1.9,59.5,15.1,50.6
2025-10-08,2025-10-17,"Normal",13.7,60.4,12.5,75.8
2025-10-08,2025-10-17,"Alerta baja",19.3,60.4,12.5,75.8
2025-10-08,2025-10-17,"Alerta media",61.1,60.4,12.5,75.8
2025-10-08,2025-10-17,"Alerta alta",5.9,60.4,12.5,75.8
2025-10-18,2025-10-27,"Normal",17.6,60.1,7.4,55.3
2025-10-18,2025-10-27,"Alerta baja",15.2,60.1,7.4,55.3
2025-10-18,2025-10-27,"Alerta media",67.2,60.1,7.4,55.3
2025-10-28,2025-11-06,"Normal",22.6,56.9,15.2,19
2025-10-28,2025-11-06,"Alerta baja",10.8,56.9,15.2,19
2025-10-28,2025-11-06,"Alerta media",65.4,56.9,15.2,19
2025-10-28,2025-11-06,"Alerta alta",1.2,56.9,15.2,19
2025-11-07,2025-11-16,"Normal",23.5,59.5,1.2,23.3
2025-11-07,2025-11-16,"Alerta baja",16,59.5,1.2,23.3
2025-11-07,2025-11-16,"Alerta media",60.5,59.5,1.2,23.3
2025-11-17,2025-11-26,"Normal",17.1,60,5,30.3
2025-11-17,2025-11-26,"Alerta baja",19.1,60,5,30.3
2025-11-17,2025-11-26,"Alerta media",62.9,60,5,30.3
2025-11-17,2025-11-26,"Alerta alta",0.9,60,5,30.3
2025-11-27,2025-12-06,"Normal",21.9,63.9,0,20.8
2025-11-27,2025-12-06,"Alerta baja",14.2,63.9,0,20.8
2025-11-27,2025-12-06,"Alerta media",63.9,63.9,0,20.8
2025-12-07,2025-12-16,"Normal",23.1,62.5,2.1,16.1
2025-12-07,2025-12-16,"Alerta baja",13.1,62.5,2.1,16.1
2025-12-07,2025-12-16,"Alerta media",63.8,62.5,2.1,16.1
2025-12-07,2025-12-16,"Alerta alta",0,62.5,2.1,16.1
2025-12-17,2025-12-26,"Normal",27.1,62.6,0,12.7
2025-12-17,2025-12-26,"Alerta baja",10.3,62.6,0,12.7
2025-12-17,2025-12-26,"Alerta media",62.6,62.6,0,12.7
2025-12-27,2025-12-31,"Normal",33.2,62.1,0.8,5
2025-12-27,2025-12-31,"Alerta baja",4.7,62.1,0.8,5
2025-12-27,2025-12-31,"Alerta media",62.1,62.1,0.8,5
2025-12-27,2025-12-31,"Alerta alta",0.1,62.1,0.8,5
